{
  "target": "cobblemon:ariados",
  "riding": {
    "behaviours": {
      "LAND": {
        "key": "cobblemon:land/horse",
        "rideSounds": [],
        "stats": {
          "ACCELERATION": "55-85",
          "JUMP": "35-75",
          "SKILL": "45-65",
          "SPEED": "30-75",
          "STAMINA": "15-30"
        }
      }
    },
    "seats": [
      {
        "offset": { "x": 0.0, "y": 0.0, "z": 0.0 },
        "poseOffsets": [
          {
            "poseTypes": ["STAND"],
            "offset": { "x": 0.0009895586, "y": -0.6805381, "z": 0.0058082193 }
          },
          {
            "poseTypes": ["WALK"],
            "offset": { "x": 0.008947004, "y": -0.6557218, "z": 0.0005530901 }
          },
          {
            "poseTypes": ["HOVER"],
            "offset": { "x": 0.002574316, "y": -0.6861138, "z": -0.17605162 }
          },
          {
            "poseTypes": ["FLY"],
            "offset": { "x": 0.002574316, "y": -0.6861138, "z": -0.17605162 }
          },
          {
            "poseTypes": ["FLOAT"],
            "offset": { "x": 0.002574316, "y": -0.6861138, "z": -0.17605162 }
          },
          {
            "poseTypes": ["SWIM"],
            "offset": { "x": 0.002574316, "y": -0.6861138, "z": -0.17605162 }
          },
          {
            "poseTypes": ["GLIDE"],
            "offset": { "x": 0.002574316, "y": -0.6861138, "z": -0.17605162 }
          }
        ]
      }
    ]
  }
}
