{
  "target": "cobblemon:bouffalant",
  "riding": {
    "behaviours": {
      "LAND": {
        "key": "cobblemon:land/horse",
        "rideSounds": [],
        "stats": {
          "ACCELERATION": "50-75",
          "JUMP": "20-30",
          "SKILL": "15-30",
          "SPEED": "45-85",
          "STAMINA": "55-70"
        }
      }
    },
    "seats": [
      {
        "offset": {
          "x": 0.0,
          "y": 0.0,
          "z": 0.0
        },
        "poseOffsets": [
          {
            "poseTypes": ["STAND"],
            "offset": {
              "x": -0.009967118,
              "y": -2.338432,
              "z": -0.07881425
            }
          },
          {
            "poseTypes": ["WALK"],
            "offset": {
              "x": -0.041514486,
              "y": -2.3466194,
              "z": -0.05977893
            }
          },
          {
            "poseTypes": ["HOVER"],
            "offset": {
              "x": 0.029709913,
              "y": -2.0745296,
              "z": -0.13198271
            }
          },
          {
            "poseTypes": ["FLY"],
            "offset": {
              "x": 0.029709913,
              "y": -2.0745296,
              "z": -0.13198271
            }
          },
          {
            "poseTypes": ["FLOAT"],
            "offset": {
              "x": -0.009967118,
              "y": -2.338432,
              "z": -0.07881425
            }
          },
          {
            "poseTypes": ["SWIM"],
            "offset": {
              "x": -0.041514486,
              "y": -2.3466194,
              "z": -0.05977893
            }
          },
          {
            "poseTypes": ["GLIDE"],
            "offset": {
              "x": 0.029709913,
              "y": -2.0745296,
              "z": -0.13198271
            }
          }
        ]
      }
    ]
  }
}
