{
  "target": "cobblemon:bronzong",
  "riding": {
    "behaviours": {
      "AIR": {
        "key": "cobblemon:air/hover",
        "rideSounds": [
          {
            "muffleEnabled": true,
            "pitchExpr": "math.max(1.0 ,0.2 + math.pow(math.min(q.ride_velocity() / 1.5, 1.0),2))",
            "playForNonPassengers": true,
            "soundLocation": "cobblemon:ride.loop.wind",
            "volumeExpr": "math.pow(math.min(q.ride_velocity() / 1.5, 1.0),2)"
          },
          {
            "muffleEnabled": true,
            "pitchExpr": "math.pow(math.min(math.max(0.5,(q.ride_velocity()*0.5 / 1.5) + 0.5), 1.0),2)",
            "playForNonPassengers": true,
            "soundLocation": "cobblemon:ride.loop.saucer",
            "volumeExpr": "math.pow(math.min(q.ride_velocity() / 1.5, 1.0),2)"
          }
        ],
        "stats": {
          "ACCELERATION": "45-80",
          "JUMP": "25-45",
          "SKILL": "55-90",
          "SPEED": "80-120",
          "STAMINA": "25-45"
        }
      }
    },
    "seats": [
      {
        "offset": { "x": 0.0, "y": 0.0, "z": 0.0 },
        "poseOffsets": [
          {
            "offset": { "x": 0.012940953, "y": -1.757385, "z": -0.42916256 },
            "poseTypes": ["STAND"]
          },
          {
            "offset": { "x": -0.06709197, "y": -1.5587537, "z": -0.7151059 },
            "poseTypes": ["WALK"]
          },
          {
            "offset": { "x": 0.012940953, "y": -1.757385, "z": -0.42916256 },
            "poseTypes": ["HOVER"]
          },
          {
            "offset": { "x": -0.06709197, "y": -1.5587537, "z": -0.7151059 },
            "poseTypes": ["FLY"]
          },
          {
            "offset": { "x": 0.012940953, "y": -1.757385, "z": -0.42916256 },
            "poseTypes": ["FLOAT"]
          },
          {
            "offset": { "x": -0.06709197, "y": -1.5587537, "z": -0.7151059 },
            "poseTypes": ["SWIM"]
          },
          {
            "offset": { "x": 0.012940953, "y": -1.757385, "z": -0.42916256 },
            "poseTypes": ["GLIDE"]
          }
        ]
      },
      {
        "offset": { "x": 0.0, "y": 0.0, "z": 0.0 },
        "poseOffsets": [
          {
            "offset": { "x": 0.012940953, "y": -1.8497658, "z": 0.18897235 },
            "poseTypes": ["STAND"]
          },
          {
            "offset": { "x": -0.045339916, "y": -1.9100187, "z": -0.1986132 },
            "poseTypes": ["WALK"]
          },
          {
            "offset": { "x": 0.012940953, "y": -1.8497658, "z": 0.18897235 },
            "poseTypes": ["HOVER"]
          },
          {
            "offset": { "x": -0.045339916, "y": -1.9100187, "z": -0.1986132 },
            "poseTypes": ["FLY"]
          },
          {
            "offset": { "x": 0.012940953, "y": -1.8497658, "z": 0.18897235 },
            "poseTypes": ["FLOAT"]
          },
          {
            "offset": { "x": -0.045339916, "y": -1.9100187, "z": -0.1986132 },
            "poseTypes": ["SWIM"]
          },
          {
            "offset": { "x": 0.012940953, "y": -1.8497658, "z": 0.18897235 },
            "poseTypes": ["GLIDE"]
          }
        ]
      }
    ]
  }
}
