{
  "target": "cobblemon:camerupt",
  "riding": {
    "behaviours": {
      "LAND": {
        "key": "cobblemon:land/horse",
        "rideSounds": [],
        "stats": {
          "ACCELERATION": "45-60",
          "JUMP": "10-25",
          "SKILL": "10-30",
          "SPEED": "55-65",
          "STAMINA": "50-80"
        }
      }
    },
    "seats": [
      {
        "offset": { "x": 0.0, "y": 0.0, "z": 0.0 },
        "poseOffsets": [
          { "poseTypes": ["STAND"], "offset": { "x": 0.0, "y": -1.825, "z": -0.75 } },
          { "poseTypes": ["WALK"],  "offset": { "x": -0.03976985, "y": -1.82636, "z": -0.73023754 } },
          { "poseTypes": ["HOVER"], "offset": { "x": 0.0, "y": -1.75, "z": -0.75 } },
          { "poseTypes": ["FLY"],   "offset": { "x": 0.0, "y": -1.75, "z": -0.75 } },
          { "poseTypes": ["FLOAT"], "offset": { "x": 0.0, "y": -1.75, "z": -0.75 } },
          { "poseTypes": ["SWIM"],  "offset": { "x": -0.03976985, "y": -1.82636, "z": -0.73023754 } },
          { "poseTypes": ["GLIDE"], "offset": { "x": 0.0, "y": -1.75, "z": -0.75 } }
        ]
      },
      {
        "offset": { "x": 0.0, "y": 0.0, "z": 0.0 },
        "poseOffsets": [
          { "poseTypes": ["STAND"], "offset": { "x": 0.5, "y": -1.825, "z": -0.3125 } },
          { "poseTypes": ["WALK"],  "offset": { "x": 0.46019205, "y": -1.8361789, "z": -0.29280418 } },
          { "poseTypes": ["HOVER"], "offset": { "x": 0.5, "y": -1.75, "z": -0.3125 } },
          { "poseTypes": ["FLY"],   "offset": { "x": 0.5, "y": -1.75, "z": -0.3125 } },
          { "poseTypes": ["FLOAT"], "offset": { "x": 0.5, "y": -1.75, "z": -0.3125 } },
          { "poseTypes": ["SWIM"],  "offset": { "x": 0.46019205, "y": -1.8361789, "z": -0.29280418 } },
          { "poseTypes": ["GLIDE"], "offset": { "x": 0.5, "y": -1.75, "z": -0.3125 } }
        ]
      },
      {
        "offset": { "x": 0.0, "y": 0.0, "z": 0.0 },
        "poseOffsets": [
          { "poseTypes": ["STAND"], "offset": { "x": -0.5, "y": -1.825, "z": -0.3125 } },
          { "poseTypes": ["WALK"],  "offset": { "x": -0.5391988, "y": -1.8012794, "z": -0.29280418 } },
          { "poseTypes": ["HOVER"], "offset": { "x": -0.5, "y": -1.75, "z": -0.3125 } },
          { "poseTypes": ["FLY"],   "offset": { "x": -0.5, "y": -1.75, "z": -0.3125 } },
          { "poseTypes": ["FLOAT"], "offset": { "x": -0.5, "y": -1.75, "z": -0.3125 } },
          { "poseTypes": ["SWIM"],  "offset": { "x": -0.5391988, "y": -1.8012794, "z": -0.29280418 } },
          { "poseTypes": ["GLIDE"], "offset": { "x": -0.5, "y": -1.75, "z": -0.3125 } }
        ]
      },
      {
        "offset": { "x": 0.0, "y": 0.0, "z": 0.0 },
        "poseOffsets": [
          { "poseTypes": ["STAND"], "offset": { "x": 0.5, "y": -1.825, "z": 0.5 } },
          { "poseTypes": ["WALK"],  "offset": { "x": 0.46068692, "y": -1.8220075, "z": 0.5195721 } },
          { "poseTypes": ["HOVER"], "offset": { "x": 0.5, "y": -1.75, "z": 0.5 } },
          { "poseTypes": ["FLY"],   "offset": { "x": 0.5, "y": -1.75, "z": 0.5 } },
          { "poseTypes": ["FLOAT"], "offset": { "x": 0.5, "y": -1.75, "z": 0.5 } },
          { "poseTypes": ["SWIM"],  "offset": { "x": 0.46068692, "y": -1.8220075, "z": 0.5195721 } },
          { "poseTypes": ["GLIDE"], "offset": { "x": 0.5, "y": -1.75, "z": 0.5 } }
        ]
      },
      {
        "offset": { "x": 0.0, "y": 0.0, "z": 0.0 },
        "poseOffsets": [
          { "poseTypes": ["STAND"], "offset": { "x": -0.5, "y": -1.825, "z": 0.5 } },
          { "poseTypes": ["WALK"],  "offset": { "x": -0.5387039, "y": -1.7871081, "z": 0.5195721 } },
          { "poseTypes": ["HOVER"], "offset": { "x": -0.5, "y": -1.75, "z": 0.5 } },
          { "poseTypes": ["FLY"],   "offset": { "x": -0.5, "y": -1.75, "z": 0.5 } },
          { "poseTypes": ["FLOAT"], "offset": { "x": -0.5, "y": -1.75, "z": 0.5 } },
          { "poseTypes": ["SWIM"],  "offset": { "x": -0.5387039, "y": -1.7871081, "z": 0.5195721 } },
          { "poseTypes": ["GLIDE"], "offset": { "x": -0.5, "y": -1.75, "z": 0.5 } }
        ]
      },
      {
        "offset": { "x": 0.0, "y": 0.0, "z": 0.0 },
        "poseOffsets": [
          { "poseTypes": ["STAND"], "offset": { "x": 0.0, "y": -1.825, "z": 0.9375 } },
          { "poseTypes": ["WALK"],  "offset": { "x": -0.03874203, "y": -1.796927, "z": 0.95700544 } },
          { "poseTypes": ["HOVER"], "offset": { "x": 0.0, "y": -1.75, "z": 0.9375 } },
          { "poseTypes": ["FLY"],   "offset": { "x": 0.0, "y": -1.75, "z": 0.9375 } },
          { "poseTypes": ["FLOAT"], "offset": { "x": 0.0, "y": -1.75, "z": 0.9375 } },
          { "poseTypes": ["SWIM"],  "offset": { "x": -0.03874203, "y": -1.796927, "z": 0.95700544 } },
          { "poseTypes": ["GLIDE"], "offset": { "x": 0.0, "y": -1.75, "z": 0.9375 } }
        ]
      }
    ]
  }
}
