{
  "target": "cobblemon:dondozo",

  "riding": {
    "behaviours": {
      "LAND": {
        "key": "cobblemon:land/horse",
        "rideSounds": [],
        "canJump": false,
        "canSprint": false,
        "stats": {
          "ACCELERATION": "10-40",
          "JUMP": "10-40",
          "SKILL": "80-100",
          "SPEED": "10-40",
          "STAMINA": "10-40"
        }
      },

      "LIQUID": {
        "key": "cobblemon:liquid/submarine",
        "hitboxBreachPercentage": 0.7,
        "rideSounds": [],
        "stats": {
          "ACCELERATION": "45-65",
          "JUMP": "35-55",
          "SKILL": "50-75",
          "SPEED": "55-75",
          "STAMINA": "60-75"
        }
      }
    },

    "seats": [
      {
        "offset": { "x": 0.0, "y": 0.0, "z": 0.0 },
        "poseOffsets": [
          { "offset": { "x": 0.0, "y": -1.8680785, "z": -1.150154 }, "poseTypes": ["STAND"] },
          { "offset": { "x": 0.0, "y": -1.8637094, "z": -1.1547428 }, "poseTypes": ["WALK"] },
          { "offset": { "x": 0.0, "y": -1.9585872, "z": -1.0140795 }, "poseTypes": ["HOVER"] },
          { "offset": { "x": 0.0, "y": -1.9585872, "z": -1.0140795 }, "poseTypes": ["FLY"] },
          { "offset": { "x": 0.0, "y": -1.91875, "z": -1.1875 }, "poseTypes": ["FLOAT"] },
          { "offset": { "x": 0.0, "y": -1.8637094, "z": -1.1547428 }, "poseTypes": ["SWIM"] },
          { "offset": { "x": 0.0, "y": -1.9585872, "z": -1.0140795 }, "poseTypes": ["GLIDE"] }
        ]
      },

      {
        "offset": { "x": 0.0, "y": 0.0, "z": 0.0 },
        "poseOffsets": [
          { "offset": { "x": 0.8125001, "y": -1.8697147, "z": -0.8376582 }, "poseTypes": ["STAND"] },
          { "offset": { "x": 0.8125001, "y": -1.8664365, "z": -0.8422548 }, "poseTypes": ["WALK"] },
          { "offset": { "x": 0.8125001, "y": -1.9177978, "z": -0.7042529 }, "poseTypes": ["HOVER"] },
          { "offset": { "x": 0.8125001, "y": -1.9177978, "z": -0.7042529 }, "poseTypes": ["FLY"] },
          { "offset": { "x": 0.8125, "y": -1.91875, "z": -0.875 }, "poseTypes": ["FLOAT"] },
          { "offset": { "x": 0.8125001, "y": -1.8664365, "z": -0.8422548 }, "poseTypes": ["SWIM"] },
          { "offset": { "x": 0.8125001, "y": -1.9177978, "z": -0.7042529 }, "poseTypes": ["GLIDE"] }
        ]
      },

      {
        "offset": { "x": 0.0, "y": 0.0, "z": 0.0 },
        "poseOffsets": [
          { "offset": { "x": -0.8125001, "y": -1.8697147, "z": -0.8376582 }, "poseTypes": ["STAND"] },
          { "offset": { "x": -0.8125001, "y": -1.8664365, "z": -0.8422548 }, "poseTypes": ["WALK"] },
          { "offset": { "x": -0.8125001, "y": -1.9177978, "z": -0.7042529 }, "poseTypes": ["HOVER"] },
          { "offset": { "x": -0.8125001, "y": -1.9177978, "z": -0.7042529 }, "poseTypes": ["FLY"] },
          { "offset": { "x": -0.8125, "y": -1.91875, "z": -0.875 }, "poseTypes": ["FLOAT"] },
          { "offset": { "x": -0.8125001, "y": -1.8664365, "z": -0.8422548 }, "poseTypes": ["SWIM"] },
          { "offset": { "x": -0.8125001, "y": -1.9177978, "z": -0.7042529 }, "poseTypes": ["GLIDE"] }
        ]
      },

      {
        "offset": { "x": 0.0, "y": 0.0, "z": 0.0 },
        "poseOffsets": [
          { "offset": { "x": 0.0, "y": -2.123311, "z": -0.15147659 }, "poseTypes": ["STAND"] },
          { "offset": { "x": 0.0, "y": -2.1224265, "z": -0.15696247 }, "poseTypes": ["WALK"] },
          { "offset": { "x": 0.0, "y": -2.0759223, "z": 0.009997055 }, "poseTypes": ["HOVER"] },
          { "offset": { "x": 0.0, "y": -2.0759223, "z": 0.009997055 }, "poseTypes": ["FLY"] },
          { "offset": { "x": 0.0, "y": -2.16875, "z": -0.1875 }, "poseTypes": ["FLOAT"] },
          { "offset": { "x": 0.0, "y": -2.1224265, "z": -0.15696247 }, "poseTypes": ["SWIM"] },
          { "offset": { "x": 0.0, "y": -2.0759223, "z": 0.009997055 }, "poseTypes": ["GLIDE"] }
        ]
      },

      {
        "offset": { "x": 0.0, "y": 0.0, "z": 0.0 },
        "poseOffsets": [
          { "offset": { "x": 0.8125001, "y": -1.8749508, "z": 0.16232815 }, "poseTypes": ["STAND"] },
          { "offset": { "x": 0.8125001, "y": -1.8751631, "z": 0.15770729 }, "poseTypes": ["WALK"] },
          { "offset": { "x": 0.8125001, "y": -1.7872717, "z": 0.28719205 }, "poseTypes": ["HOVER"] },
          { "offset": { "x": 0.8125001, "y": -1.7872717, "z": 0.28719205 }, "poseTypes": ["FLY"] },
          { "offset": { "x": 0.8125, "y": -1.91875, "z": 0.125 }, "poseTypes": ["FLOAT"] },
          { "offset": { "x": 0.8125001, "y": -1.8751631, "z": 0.15770729 }, "poseTypes": ["SWIM"] },
          { "offset": { "x": 0.8125001, "y": -1.7872717, "z": 0.28719205 }, "poseTypes": ["GLIDE"] }
        ]
      },

      {
        "offset": { "x": 0.0, "y": 0.0, "z": 0.0 },
        "poseOffsets": [
          { "offset": { "x": -0.8125001, "y": -1.8749508, "z": 0.16232815 }, "poseTypes": ["STAND"] },
          { "offset": { "x": -0.8125001, "y": -1.8751631, "z": 0.15770729 }, "poseTypes": ["WALK"] },
          { "offset": { "x": -0.8125001, "y": -1.7872717, "z": 0.28719205 }, "poseTypes": ["HOVER"] },
          { "offset": { "x": -0.8125001, "y": -1.7872717, "z": 0.28719205 }, "poseTypes": ["FLY"] },
          { "offset": { "x": -0.8125, "y": -1.91875, "z": 0.125 }, "poseTypes": ["FLOAT"] },
          { "offset": { "x": -0.8125001, "y": -1.8751631, "z": 0.15770729 }, "poseTypes": ["SWIM"] },
          { "offset": { "x": -0.8125001, "y": -1.7872717, "z": 0.28719205 }, "poseTypes": ["GLIDE"] }
        ]
      },

      {
        "offset": { "x": 0.0, "y": 0.0, "z": 0.0 },
        "poseOffsets": [
          { "offset": { "x": 0.0, "y": -2.0640845, "z": 0.47384214 }, "poseTypes": ["STAND"] },
          { "offset": { "x": 0.0, "y": -2.065383, "z": 0.4685592 }, "poseTypes": ["WALK"] },
          { "offset": { "x": 0.0, "y": -1.932378, "z": 0.62149227 }, "poseTypes": ["HOVER"] },
          { "offset": { "x": 0.0, "y": -1.932378, "z": 0.62149227 }, "poseTypes": ["FLY"] },
          { "offset": { "x": 0.0, "y": -2.10625, "z": 0.4375 }, "poseTypes": ["FLOAT"] },
          { "offset": { "x": 0.0, "y": -2.065383, "z": 0.4685592 }, "poseTypes": ["SWIM"] },
          { "offset": { "x": 0.0, "y": -1.932378, "z": 0.62149227 }, "poseTypes": ["GLIDE"] }
        ]
      }
    ]
  }
}
