{
  "target": "cobblemon:dudunsparce",
  "riding": {
    "behaviours": {
      "LAND": {
        "key": "cobblemon:land/horse",
        "rideSounds": [],
        "stats": {
          "ACCELERATION": "30-50",
          "JUMP": "40-65",
          "SKILL": "30-40",
          "SPEED": "45-65",
          "STAMINA": "30-75"
        }
      }
    },
    "seats": [
      {
        "offset": { "x": 0.0, "y": 0.0, "z": 0.0 },
        "poseOffsets": [
          { "poseTypes": ["STAND"], "offset": { "x": -0.0006778786, "y": -0.6114769, "z": 0.07402088 } },
          { "poseTypes": ["WALK"],  "offset": { "x": -0.038091227, "y": -0.62892306, "z": 0.07721633 } },
          { "poseTypes": ["HOVER"], "offset": { "x": 0.00037311524, "y": -0.63224316, "z": 0.13529435 } },
          { "poseTypes": ["FLY"],   "offset": { "x": 0.00037311524, "y": -0.63224316, "z": 0.13529435 } },
          { "poseTypes": ["FLOAT"], "offset": { "x": 0.00037311524, "y": -0.63224316, "z": 0.13529435 } },
          { "poseTypes": ["SWIM"],  "offset": { "x": 0.00037311524, "y": -0.63224316, "z": 0.13529435 } },
          { "poseTypes": ["GLIDE"], "offset": { "x": 0.00037311524, "y": -0.63224316, "z": 0.13529435 } }
        ]
      },
      {
        "offset": { "x": 0.0, "y": 0.0, "z": 0.0 },
        "poseOffsets": [
          { "poseTypes": ["STAND"], "offset": { "x": 0.0016954169, "y": -0.6147834, "z": 1.1214817 } },
          { "poseTypes": ["WALK"],  "offset": { "x": 0.017855601, "y": -0.60830003, "z": 1.1297802 } },
          { "poseTypes": ["HOVER"], "offset": { "x": -0.0019132394, "y": -0.58593065, "z": 1.1255647 } },
          { "poseTypes": ["FLY"],   "offset": { "x": -0.0019132394, "y": -0.58593065, "z": 1.1255647 } },
          { "poseTypes": ["FLOAT"], "offset": { "x": -0.0019132394, "y": -0.58593065, "z": 1.1255647 } },
          { "poseTypes": ["SWIM"],  "offset": { "x": -0.0019132394, "y": -0.58593065, "z": 1.1255647 } },
          { "poseTypes": ["GLIDE"], "offset": { "x": -0.0019132394, "y": -0.58593065, "z": 1.1255647 } }
        ]
      }
    ]
  }
}
