{
  "target": "cobblemon:dusknoir",
  "riding": {
    "behaviours": {
      "AIR": {
        "key": "cobblemon:air/hover",
        "rideSounds": [
          {
            "muffleEnabled": true,
            "pitchExpr": "math.max(1.0 ,0.2 + math.pow(math.min(q.ride_velocity() / 1.5, 1.0),2))",
            "playForNonPassengers": true,
            "soundLocation": "cobblemon:ride.loop.wind",
            "volumeExpr": "math.pow(math.min(q.ride_velocity() / 1.5, 1.0),2)"
          }
        ],
        "stats": {
          "ACCELERATION": "45-75",
          "JUMP": "70-95",
          "SKILL": "75-95",
          "SPEED": "80-120",
          "STAMINA": "40-60"
        }
      }
    },
    "seats": [
      {
        "offset": { "x": 0.0, "y": 0.0, "z": 0.0 },
        "poseOffsets": [
          {
            "offset": { "x": 0.0, "y": -2.800053, "z": 0.15268813 },
            "poseTypes": ["STAND"]
          },
          {
            "offset": { "x": 0.041538313, "y": -3.0530646, "z": -0.3417098 },
            "poseTypes": ["WALK"]
          },
          {
            "offset": { "x": 0.0, "y": -2.800053, "z": 0.15268813 },
            "poseTypes": ["HOVER"]
          },
          {
            "offset": { "x": 0.041538313, "y": -3.0530646, "z": -0.3417098 },
            "poseTypes": ["FLY"]
          },
          {
            "offset": { "x": 0.0, "y": -2.8875523, "z": -0.09665136 },
            "poseTypes": ["FLOAT"]
          },
          {
            "offset": { "x": 0.0, "y": -2.8875523, "z": -0.09665136 },
            "poseTypes": ["SWIM"]
          },
          {
            "offset": { "x": 0.0, "y": -2.8875523, "z": -0.09665136 },
            "poseTypes": ["GLIDE"]
          }
        ]
      }
    ]
  }
}
