{
  "target": "cobblemon:espathra",
  "riding": {
    "behaviours": {
      "LAND": {
        "key": "cobblemon:land/horse",
        "rideSounds": [],
        "stats": {
          "ACCELERATION": "30-65",
          "JUMP": "50-65",
          "SKILL": "15-40",
          "SPEED": "55-80",
          "STAMINA": "25-35"
        }
      }
    },
    "seats": [
      {
        "offset": { "x": 0.0, "y": 0.0, "z": 0.0 },
        "poseOffsets": [
          {
            "poseTypes": ["STAND"],
            "offset": { "x": 0.0, "y": -1.71875, "z": 0.2625 }
          },
          {
            "poseTypes": ["WALK"],
            "offset": { "x": 0.0039696433, "y": -1.6745994, "z": 0.26254645 }
          },
          {
            "poseTypes": ["HOVER"],
            "offset": { "x": 0.0, "y": -1.71875, "z": 0.2625 }
          },
          {
            "poseTypes": ["FLY"],
            "offset": { "x": 0.0, "y": -1.71875, "z": 0.2625 }
          },
          {
            "poseTypes": ["FLOAT"],
            "offset": { "x": 0.0, "y": -1.71875, "z": 0.2625 }
          },
          {
            "poseTypes": ["SWIM"],
            "offset": { "x": 0.0039696433, "y": -1.6745994, "z": 0.26254645 }
          },
          {
            "poseTypes": ["GLIDE"],
            "offset": { "x": 0.0, "y": -1.71875, "z": 0.2625 }
          }
        ]
      }
    ]
  }
}
