{
  "target": "cobblemon:forretress",
  "riding": {
    "behaviours": {
      "AIR": {
        "key": "cobblemon:air/hover",
        "rideSounds": [
          {
            "muffleEnabled": true,
            "pitchExpr": "math.max(1.0 ,0.2 + math.pow(math.min(q.ride_velocity() / 1.5, 1.0),2))",
            "playForNonPassengers": true,
            "soundLocation": "cobblemon:ride.loop.wind",
            "volumeExpr": "math.pow(math.min(q.ride_velocity() / 1.5, 1.0),2)"
          }
        ],
        "stats": {
          "ACCELERATION": "50-70",
          "JUMP": "5-10",
          "SKILL": "55-95",
          "SPEED": "70-100",
          "STAMINA": "0-5"
        }
      }
    },
    "seats": [
      {
        "offset": { "x": 0.0, "y": 0.0, "z": 0.0 },
        "poseOffsets": [
          {
            "offset": { "x": 0.0, "y": -1.678125, "z": 0.25 },
            "poseTypes": ["STAND"]
          },
          {
            "offset": { "x": 0.0, "y": -1.6908695, "z": 0.16294661 },
            "poseTypes": ["WALK"]
          },
          {
            "offset": { "x": 0.0, "y": -1.678125, "z": 0.25 },
            "poseTypes": ["HOVER"]
          },
          {
            "offset": { "x": 0.0, "y": -1.6908695, "z": 0.16294661 },
            "poseTypes": ["FLY"]
          },
          {
            "offset": { "x": 0.0, "y": -1.678125, "z": 0.25 },
            "poseTypes": ["FLOAT"]
          },
          {
            "offset": { "x": 0.0, "y": -1.6908695, "z": 0.16294661 },
            "poseTypes": ["SWIM"]
          },
          {
            "offset": { "x": 0.0, "y": -1.678125, "z": 0.25 },
            "poseTypes": ["GLIDE"]
          }
        ]
      }
    ]
  }
}
