{
  "target": "cobblemon:kilowattrel",
  "riding": {
    "behaviours": {
      "AIR": {
        "key": "cobblemon:air/bird",
        "rideSounds": [
          {
            "muffleEnabled": true,
            "pitchExpr": "math.max(1.0 ,0.2 + math.pow(math.min(q.ride_velocity() / 1.5, 1.0),2))",
            "playForNonPassengers": true,
            "soundLocation": "cobblemon:ride.loop.wind",
            "volumeExpr": "math.pow(math.min(q.ride_velocity() / 1.5, 1.0),2)"
          },
          {
            "muffleEnabled": true,
            "pitchExpr": "math.max(1.0 ,0.2 + math.pow(math.min(q.ride_velocity() / 1.5, 1.0),2))",
            "playForNonPassengers": true,
            "soundLocation": "cobblemon:ride.loop.plumage",
            "volumeExpr": "math.pow(math.min(q.ride_velocity() / 1.5, 1.0),2)"
          }
        ],
        "stats": {
          "ACCELERATION": "40-70",
          "JUMP": "50-65",
          "SKILL": "55-90",
          "SPEED": "120-150",
          "STAMINA": "55-70"
        }
      },
      "LAND": {
        "key": "cobblemon:land/horse",
        "rideSounds": [],
        "canJump": false,
        "canSprint": false,
        "stats": {
          "ACCELERATION": "10-40",
          "JUMP": "10-40",
          "SKILL": "80-100",
          "SPEED": "10-40",
          "STAMINA": "10-40"
        }
      }
    },
    "seats": [
      {
        "offset": { "x": 0.0, "y": 0.0, "z": 0.0 },
        "poseOffsets": [
          {
            "offset": { "x": 0.0, "y": -0.8770844, "z": 0.23652759 },
            "poseTypes": ["STAND"]
          },
          {
            "offset": { "x": -0.032382384, "y": -0.94650245, "z": 0.16573122 },
            "poseTypes": ["WALK"]
          },
          {
            "offset": { "x": 0.0, "y": -1.1626692, "z": 0.20002791 },
            "poseTypes": ["HOVER"]
          },
          {
            "offset": { "x": 0.0, "y": -1.1297169, "z": 0.10050854 },
            "poseTypes": ["FLY"]
          },
          {
            "offset": { "x": 0.0, "y": -0.8770844, "z": 0.23652759 },
            "poseTypes": ["FLOAT"]
          },
          {
            "offset": { "x": -0.032382384, "y": -0.94650245, "z": 0.16573122 },
            "poseTypes": ["SWIM"]
          },
          {
            "offset": { "x": 0.0, "y": -0.8770844, "z": 0.23652759 },
            "poseTypes": ["GLIDE"]
          }
        ]
      }
    ]
  }
}
