{
  "target": "cobblemon:lapras",

  "riding": {
    "behaviours": {
      "LAND": {
        "key": "cobblemon:land/horse",
        "rideSounds": [],
        "canJump": false,
        "canSprint": false,
        "stats": {
          "ACCELERATION": "10-40",
          "JUMP": "10-40",
          "SKILL": "80-100",
          "SPEED": "10-40",
          "STAMINA": "10-40"
        }
      },

      "LIQUID": {
        "key": "cobblemon:liquid/boat",
        "surfaceLevelOffset": -1.6,
        "rideSounds": [
          {
            "muffleEnabled": true,
            "pitchExpr": "math.max(1.0 ,0.2 + math.pow(math.min(q.ride_velocity() / 1.5, 1.0),2))",
            "playForNonPassengers": true,
            "soundLocation": "cobblemon:ride.loop.water_surface",
            "volumeExpr": "math.pow(math.min(q.ride_velocity() / 1.5, 1.0),2)"
          }
        ],
        "stats": {
          "ACCELERATION": "55-75",
          "JUMP": "20-30",
          "SKILL": "50-75",
          "SPEED": "40-80",
          "STAMINA": "45-75"
        }
      }
    },

    "seats": [
      {
        "offset": { "x": 0.0, "y": 0.0, "z": 0.0 },
        "poseOffsets": [
          {
            "offset": { "x": 0.0, "y": -1.377378, "z": 0.081582785 },
            "poseTypes": ["STAND"]
          },
          {
            "offset": { "x": 0.0, "y": -1.3771001, "z": 0.24808589 },
            "poseTypes": ["WALK"]
          },
          {
            "offset": { "x": 0.0, "y": -1.377378, "z": 0.081582785 },
            "poseTypes": ["HOVER"]
          },
          {
            "offset": { "x": 0.0, "y": -1.377378, "z": 0.081582785 },
            "poseTypes": ["FLY"]
          },
          {
            "offset": { "x": 0.05, "y": -1.0596714, "z": 0.08635005 },
            "poseTypes": ["FLOAT"]
          },
          {
            "offset": { "x": 0.05959252, "y": -1.0513167, "z": -0.1178946 },
            "poseTypes": ["SWIM"]
          },
          {
            "offset": { "x": 0.0, "y": -1.377378, "z": 0.081582785 },
            "poseTypes": ["GLIDE"]
          }
        ]
      }
    ]
  }
}
