{
  "target": "cobblemon:magnezone",
  "riding": {
    "behaviours": {
      "AIR": {
        "key": "cobblemon:air/hover",
        "rideSounds": [
          {
            "muffleEnabled": true,
            "pitchExpr": "math.max(1.0 ,0.2 + math.pow(math.min(q.ride_velocity() / 1.5, 1.0),2))",
            "playForNonPassengers": true,
            "soundLocation": "cobblemon:ride.loop.wind",
            "volumeExpr": "math.pow(math.min(q.ride_velocity() / 1.5, 1.0),2)"
          },
          {
            "muffleEnabled": true,
            "pitchExpr": "math.pow(math.min(math.max(0.5,(q.ride_velocity()*0.5 / 1.5) + 0.5), 1.0),2)",
            "playForNonPassengers": true,
            "soundLocation": "cobblemon:ride.loop.saucer",
            "volumeExpr": "math.pow(math.min(q.ride_velocity() / 1.5, 1.0),2)"
          }
        ],
        "stats": {
          "ACCELERATION": "55-85",
          "JUMP": "30-55",
          "SKILL": "55-90",
          "SPEED": "70-135",
          "STAMINA": "5-15"
        }
      }
    },
    "seats": [
      {
        "offset": { "x": 0.0, "y": 0.0, "z": 0.0 },
        "poseOffsets": [
          {
            "offset": { "x": 0.019022975, "y": -1.2183496, "z": 0.24997671 },
            "poseTypes": ["STAND"]
          },
          {
            "offset": { "x": 0.023236014, "y": -1.2679962, "z": 0.12823626 },
            "poseTypes": ["WALK"]
          },
          {
            "offset": { "x": 0.019022975, "y": -1.2183496, "z": 0.24997671 },
            "poseTypes": ["HOVER"]
          },
          {
            "offset": { "x": 0.023236014, "y": -1.2679962, "z": 0.12823626 },
            "poseTypes": ["FLY"]
          },
          {
            "offset": { "x": 0.019022975, "y": -1.2183496, "z": 0.24997671 },
            "poseTypes": ["FLOAT"]
          },
          {
            "offset": { "x": 0.023236014, "y": -1.2679962, "z": 0.12823626 },
            "poseTypes": ["SWIM"]
          },
          {
            "offset": { "x": 0.019022975, "y": -1.2183496, "z": 0.24997671 },
            "poseTypes": ["GLIDE"]
          }
        ]
      }
    ]
  }
}
