{
  "target": "cobblemon:metagross",
  "riding": {
    "behaviours": {
      "AIR": {
        "key": "cobblemon:air/hover",
        "rideSounds": [
          {
            "muffleEnabled": true,
            "pitchExpr": "math.max(1.0 ,0.2 + math.pow(math.min(q.ride_velocity() / 1.5, 1.0),2))",
            "playForNonPassengers": true,
            "soundLocation": "cobblemon:ride.loop.wind",
            "volumeExpr": "math.pow(math.min(q.ride_velocity() / 1.5, 1.0),2)"
          },
          {
            "muffleEnabled": true,
            "pitchExpr": "math.pow(math.min(math.max(0.5,(q.ride_velocity()*0.5 / 1.5) + 0.5), 1.0),2)",
            "playForNonPassengers": true,
            "soundLocation": "cobblemon:ride.loop.saucer",
            "volumeExpr": "math.pow(math.min(q.ride_velocity() / 1.5, 1.0),2)"
          }
        ],
        "stats": {
          "ACCELERATION": "70-85",
          "JUMP": "30-50",
          "SKILL": "55-100",
          "SPEED": "80-160",
          "STAMINA": "10-25"
        }
      },
      "LAND": {
        "key": "cobblemon:land/horse",
        "rideSounds": [],
        "stats": {
          "ACCELERATION": "50-70",
          "JUMP": "30-45",
          "SKILL": "35-50",
          "SPEED": "10-20",
          "STAMINA": "55-70"
        }
      }
    },
    "seats": [
      {
        "offset": { "x": 0.0, "y": 0.0, "z": 0.0 },
        "poseOffsets": [
          {
            "offset": { "x": -0.0007805396, "y": -1.2943133, "z": -0.40744212 },
            "poseTypes": ["STAND"]
          },
          {
            "offset": { "x": 0.03168701, "y": -1.443021, "z": -0.38566333 },
            "poseTypes": ["WALK"]
          },
          {
            "offset": { "x": 0.0007733833, "y": -1.4106412, "z": -0.3683446 },
            "poseTypes": ["HOVER"]
          },
          {
            "offset": { "x": 0.0007733833, "y": -1.4106412, "z": -0.4224712 },
            "poseTypes": ["FLY"]
          },
          {
            "offset": { "x": 0.0007733833, "y": -1.4106412, "z": -0.3683446 },
            "poseTypes": ["FLOAT"]
          },
          {
            "offset": { "x": 0.0007733833, "y": -1.4106412, "z": -0.4224712 },
            "poseTypes": ["SWIM"]
          },
          {
            "offset": { "x": 0.0007733833, "y": -1.4106412, "z": -0.3683446 },
            "poseTypes": ["GLIDE"]
          }
        ]
      },
      {
        "offset": { "x": 0.0, "y": 0.0, "z": 0.0 },
        "poseOffsets": [
          {
            "offset": { "x": 0.37363234, "y": -1.3079666, "z": -0.03210418 },
            "poseTypes": ["STAND"]
          },
          {
            "offset": { "x": 0.4100101, "y": -1.4489274, "z": -0.014063157 },
            "poseTypes": ["WALK"]
          },
          {
            "offset": { "x": 0.37576288, "y": -1.4043188, "z": 0.0066125556 },
            "poseTypes": ["HOVER"]
          },
          {
            "offset": { "x": 0.37576288, "y": -1.4043188, "z": -0.04751403 },
            "poseTypes": ["FLY"]
          },
          {
            "offset": { "x": 0.37576288, "y": -1.4043188, "z": 0.0066125556 },
            "poseTypes": ["FLOAT"]
          },
          {
            "offset": { "x": 0.37576288, "y": -1.4043188, "z": -0.04751403 },
            "poseTypes": ["SWIM"]
          },
          {
            "offset": { "x": 0.37576288, "y": -1.4043188, "z": 0.0066125556 },
            "poseTypes": ["GLIDE"]
          }
        ]
      },
      {
        "offset": { "x": 0.0, "y": 0.0, "z": 0.0 },
        "poseOffsets": [
          {
            "offset": { "x": -0.3763659, "y": -1.3068329, "z": -0.033237804 },
            "poseTypes": ["STAND"]
          },
          {
            "offset": { "x": -0.33993268, "y": -1.4554721, "z": -0.0075182593 },
            "poseTypes": ["WALK"]
          },
          {
            "offset": { "x": -0.3742359, "y": -1.4056278, "z": 0.0066125556 },
            "poseTypes": ["HOVER"]
          },
          {
            "offset": { "x": -0.3742359, "y": -1.4056278, "z": -0.04751403 },
            "poseTypes": ["FLY"]
          },
          {
            "offset": { "x": -0.3742359, "y": -1.4056278, "z": 0.0066125556 },
            "poseTypes": ["FLOAT"]
          },
          {
            "offset": { "x": -0.3742359, "y": -1.4056278, "z": -0.04751403 },
            "poseTypes": ["SWIM"]
          },
          {
            "offset": { "x": -0.3742359, "y": -1.4056278, "z": 0.0066125556 },
            "poseTypes": ["GLIDE"]
          }
        ]
      },
      {
        "offset": { "x": 0.0, "y": 0.0, "z": 0.0 },
        "poseOffsets": [
          {
            "offset": { "x": -0.0019530337, "y": -1.3204862, "z": 0.3421001 },
            "poseTypes": ["STAND"]
          },
          {
            "offset": { "x": 0.038390387, "y": -1.4613783, "z": 0.36408192 },
            "poseTypes": ["WALK"]
          },
          {
            "offset": { "x": 0.000753602, "y": -1.3993053, "z": 0.38156968 },
            "poseTypes": ["HOVER"]
          },
          {
            "offset": { "x": 0.000753602, "y": -1.3993053, "z": 0.3274431 },
            "poseTypes": ["FLY"]
          },
          {
            "offset": { "x": 0.000753602, "y": -1.3993053, "z": 0.38156968 },
            "poseTypes": ["FLOAT"]
          },
          {
            "offset": { "x": 0.000753602, "y": -1.3993053, "z": 0.3274431 },
            "poseTypes": ["SWIM"]
          },
          {
            "offset": { "x": 0.000753602, "y": -1.3993053, "z": 0.38156968 },
            "poseTypes": ["GLIDE"]
          }
        ]
      }
    ]
  }
}
