{
  "target": "cobblemon:mudsdale",
  "riding": {
    "behaviours": {
      "LAND": {
        "key": "cobblemon:land/horse",
        "rideSounds": [],
        "stats": {
          "ACCELERATION": "50-70",
          "JUMP": "30-40",
          "SKILL": "30-60",
          "SPEED": "40-80",
          "STAMINA": "70-100"
        }
      }
    },
    "seats": [
      {
        "offset": { "x": 0.0, "y": 0.0, "z": 0.0 },
        "poseOffsets": [
          {
            "poseTypes": ["STAND"],
            "offset": { "x": 0.0, "y": -1.7750001, "z": 0.25 }
          },
          {
            "poseTypes": ["WALK"],
            "offset": { "x": 0.004908487, "y": -1.7812071, "z": 0.25 }
          },
          {
            "poseTypes": ["HOVER"],
            "offset": { "x": 0.0, "y": -1.7750001, "z": 0.25 }
          },
          {
            "poseTypes": ["FLY"],
            "offset": { "x": 0.0, "y": -1.7750001, "z": 0.25 }
          },
          {
            "poseTypes": ["FLOAT"],
            "offset": { "x": 0.0, "y": -1.7750001, "z": 0.25 }
          },
          {
            "poseTypes": ["SWIM"],
            "offset": { "x": 0.004908487, "y": -1.7812071, "z": 0.25 }
          },
          {
            "poseTypes": ["GLIDE"],
            "offset": { "x": 0.0, "y": -1.7750001, "z": 0.25 }
          }
        ]
      }
    ]
  }
}
