{
  "target": "cobblemon:rhyhorn",
  "riding": {
    "behaviours": {
      "LAND": {
        "key": "cobblemon:land/horse",
        "rideSounds": [],
        "stats": {
          "ACCELERATION": "15-40",
          "JUMP": "5-15",
          "SKILL": "10-35",
          "SPEED": "60-100",
          "STAMINA": "40-80"
        }
      }
    },
    "seats": [
      {
        "offset": { "x": 0.0, "y": 0.0, "z": 0.0 },
        "poseOffsets": [
          {
            "poseTypes": ["STAND"],
            "offset": { "x": -0.0016335993, "y": -1.1859827, "z": -0.50283176 }
          },
          {
            "poseTypes": ["WALK"],
            "offset": { "x": 0.0048732185, "y": -1.1896727, "z": -0.49589556 }
          },
          {
            "poseTypes": ["HOVER"],
            "offset": { "x": -0.0017163849, "y": -1.2334154, "z": -0.40224022 }
          },
          {
            "poseTypes": ["FLY"],
            "offset": { "x": -0.0017163849, "y": -1.2334154, "z": -0.40224022 }
          },
          {
            "poseTypes": ["FLOAT"],
            "offset": { "x": 0.0048732185, "y": -1.1896727, "z": -0.49589556 }
          },
          {
            "poseTypes": ["SWIM"],
            "offset": { "x": 0.0048732185, "y": -1.1896727, "z": -0.49589556 }
          },
          {
            "poseTypes": ["GLIDE"],
            "offset": { "x": -0.0017163849, "y": -1.2334154, "z": -0.40224022 }
          }
        ]
      }
    ]
  }
}
