{
  "target": "cobblemon:seaking",

  "riding": {
    "behaviours": {
      "LIQUID": {
        "key": "cobblemon:liquid/submarine",
        "hitboxBreachPercentage": 0.9,
        "rideSounds": [],
        "stats": {
          "ACCELERATION": "35-70",
          "JUMP": "35-55",
          "SKILL": "25-55",
          "SPEED": "75-95",
          "STAMINA": "20-40"
        }
      }
    },

    "seats": [
      {
        "offset": { "x": 0.0, "y": 0.0, "z": 0.0 },
        "poseOffsets": [
          {
            "offset": { "x": 0.0, "y": -1.1382103, "z": 0.31190932 },
            "poseTypes": ["STAND"]
          },
          {
            "offset": { "x": 0.0, "y": -1.2665093, "z": 0.35917875 },
            "poseTypes": ["WALK"]
          },
          {
            "offset": { "x": 0.0, "y": -1.2607776, "z": 0.1809411 },
            "poseTypes": ["HOVER"]
          },
          {
            "offset": { "x": 0.0, "y": -1.2607776, "z": 0.1809411 },
            "poseTypes": ["FLY"]
          },
          {
            "offset": { "x": 0.14216961, "y": -1.2242103, "z": 0.27955168 },
            "poseTypes": ["FLOAT"]
          },
          {
            "offset": { "x": 0.0, "y": -1.2665093, "z": 0.35917875 },
            "poseTypes": ["SWIM"]
          },
          {
            "offset": { "x": 0.0, "y": -1.2607776, "z": 0.1809411 },
            "poseTypes": ["GLIDE"]
          }
        ]
      }
    ]
  }
}
