{
  "target": "cobblemon:tauros",
  "riding": {
    "behaviours": {
      "LAND": {
        "key": "cobblemon:land/horse",
        "rideSounds": [],
        "stats": {
          "ACCELERATION": "35-60",
          "JUMP": "25-35",
          "SKILL": "15-30",
          "SPEED": "75-95",
          "STAMINA": "35-55"
        }
      }
    },
    "seats": [
      {
        "offset": { "x": 0.0, "y": 0.0, "z": 0.0 },
        "poseOffsets": [
          {
            "poseTypes": ["STAND"],
            "offset": { "x": -0.004955834, "y": -1.5021043, "z": -0.13071083 }
          },
          {
            "poseTypes": ["WALK"],
            "offset": { "x": -0.00920631, "y": -1.4530607, "z": -0.125 }
          },
          {
            "poseTypes": ["HOVER"],
            "offset": { "x": 0.0, "y": -1.625, "z": -0.125 }
          },
          {
            "poseTypes": ["FLY"],
            "offset": { "x": 0.0, "y": -1.625, "z": -0.125 }
          },
          {
            "poseTypes": ["FLOAT"],
            "offset": { "x": -0.00920631, "y": -1.4530607, "z": -0.125 }
          },
          {
            "poseTypes": ["SWIM"],
            "offset": { "x": -0.00920631, "y": -1.4530607, "z": -0.125 }
          },
          {
            "poseTypes": ["GLIDE"],
            "offset": { "x": 0.0, "y": -1.625, "z": -0.125 }
          }
        ]
      }
    ]
  }
}
