{
  "target": "cobblemon:tropius",
  "riding": {
    "behaviours": {
      "AIR": {
        "key": "cobblemon:air/bird",
        "rideSounds": [
          {
            "muffleEnabled": true,
            "pitchExpr": "math.max(1.0 ,0.2 + math.pow(math.min(q.ride_velocity() / 1.5, 1.0),2))",
            "playForNonPassengers": true,
            "soundLocation": "cobblemon:ride.loop.wind",
            "volumeExpr": "math.pow(math.min(q.ride_velocity() / 1.5, 1.0),2)"
          }
        ],
        "stats": {
          "ACCELERATION": "55-75",
          "JUMP": "30-50",
          "SKILL": "55-95",
          "SPEED": "70-160",
          "STAMINA": "40-70"
        }
      },
      "LAND": {
        "key": "cobblemon:land/horse",
        "rideSounds": [],
        "stats": {
          "ACCELERATION": "30-50",
          "JUMP": "10-20",
          "SKILL": "30-50",
          "SPEED": "15-25",
          "STAMINA": "55-85"
        }
      }
    },
    "seats": [
      {
        "offset": { "x": 0.0, "y": 0.0, "z": 0.0 },
        "poseOffsets": [
          {
            "offset": { "x": 0.0, "y": -1.8254058, "z": 0.15769657 },
            "poseTypes": ["STAND"]
          },
          {
            "offset": { "x": 0.013345428, "y": -1.732322, "z": -0.06867646 },
            "poseTypes": ["WALK"]
          },
          {
            "offset": { "x": 0.0, "y": -2.1942434, "z": 0.5235736 },
            "poseTypes": ["HOVER"]
          },
          {
            "offset": { "x": 0.0, "y": -2.1268878, "z": -0.2481366 },
            "poseTypes": ["FLY"]
          },
          {
            "offset": { "x": 0.0, "y": -1.8254058, "z": 0.15769657 },
            "poseTypes": ["FLOAT"]
          },
          {
            "offset": { "x": 0.013345428, "y": -1.732322, "z": -0.06867646 },
            "poseTypes": ["SWIM"]
          },
          {
            "offset": { "x": 0.0, "y": -1.8254058, "z": 0.15769657 },
            "poseTypes": ["GLIDE"]
          }
        ]
      },
      {
        "offset": { "x": 0.0, "y": 0.0, "z": 0.0 },
        "poseOffsets": [
          {
            "offset": { "x": 0.0, "y": -1.6761794, "z": 1.0199684 },
            "poseTypes": ["STAND"]
          },
          {
            "offset": { "x": 0.044901088, "y": -1.7613883, "z": 0.8053606 },
            "poseTypes": ["WALK"]
          },
          {
            "offset": { "x": 0.0, "y": -1.5974064, "z": 1.1635473 },
            "poseTypes": ["HOVER"]
          },
          {
            "offset": { "x": 0.0, "y": -2.2107234, "z": 0.6229276 },
            "poseTypes": ["FLY"]
          },
          {
            "offset": { "x": 0.0, "y": -1.6761794, "z": 1.0199684 },
            "poseTypes": ["FLOAT"]
          },
          {
            "offset": { "x": 0.044901088, "y": -1.7613883, "z": 0.8053606 },
            "poseTypes": ["SWIM"]
          },
          {
            "offset": { "x": 0.0, "y": -1.6761794, "z": 1.0199684 },
            "poseTypes": ["GLIDE"]
          }
        ]
      }
    ]
  }
}
