{
  "target": "cobblemon:tyrantrum",
  "riding": {
    "behaviours": {
      "LAND": {
        "key": "cobblemon:land/horse",
        "rideSounds": [],
        "stats": {
          "ACCELERATION": "50-70",
          "JUMP": "40-55",
          "SKILL": "40-60",
          "SPEED": "40-80",
          "STAMINA": "70-100"
        }
      }
    },
    "seats": [
      {
        "offset": { "x": 0.0, "y": 0.0, "z": 0.0 },
        "poseOffsets": [
          {
            "poseTypes": ["STAND"],
            "offset": { "x": -0.0044199796, "y": -4.43871, "z": -1.7035363 }
          },
          {
            "poseTypes": ["WALK"],
            "offset": { "x": 0.24040884, "y": -4.319892, "z": -1.9330622 }
          },
          {
            "poseTypes": ["HOVER"],
            "offset": { "x": -0.4900259, "y": -4.2273817, "z": -1.8066592 }
          },
          {
            "poseTypes": ["FLY"],
            "offset": { "x": -0.4900259, "y": -4.2273817, "z": -1.8066592 }
          },
          {
            "poseTypes": ["FLOAT"],
            "offset": { "x": -0.4900259, "y": -4.2273817, "z": -1.8066592 }
          },
          {
            "poseTypes": ["SWIM"],
            "offset": { "x": -0.4900259, "y": -4.2273817, "z": -1.8066592 }
          },
          {
            "poseTypes": ["GLIDE"],
            "offset": { "x": -0.4900259, "y": -4.2273817, "z": -1.8066592 }
          }
        ]
      },
      {
        "offset": { "x": 0.0, "y": 0.0, "z": 0.0 },
        "poseOffsets": [
          {
            "poseTypes": ["STAND"],
            "offset": { "x": -0.0013658587, "y": -2.688829, "z": 0.88855124 }
          },
          {
            "poseTypes": ["WALK"],
            "offset": { "x": 0.014507234, "y": -2.91135, "z": 0.50614136 }
          },
          {
            "poseTypes": ["HOVER"],
            "offset": { "x": 0.28322676, "y": -2.8153157, "z": 0.828276 }
          },
          {
            "poseTypes": ["FLY"],
            "offset": { "x": 0.28322676, "y": -2.8153157, "z": 0.828276 }
          },
          {
            "poseTypes": ["FLOAT"],
            "offset": { "x": 0.28322676, "y": -2.8153157, "z": 0.828276 }
          },
          {
            "poseTypes": ["SWIM"],
            "offset": { "x": 0.28322676, "y": -2.8153157, "z": 0.828276 }
          },
          {
            "poseTypes": ["GLIDE"],
            "offset": { "x": 0.28322676, "y": -2.8153157, "z": 0.828276 }
          }
        ]
      }
    ]
  }
}
