{
  "target": "cobblemon:wailmer",

  "riding": {
    "behaviours": {
      "LAND": {
        "key": "cobblemon:land/horse",
        "rideSounds": [],
        "canJump": false,
        "canSprint": false,
        "stats": {
          "ACCELERATION": "10-40",
          "JUMP": "10-40",
          "SKILL": "80-100",
          "SPEED": "10-40",
          "STAMINA": "10-40"
        }
      },

      "LIQUID": {
        "key": "cobblemon:liquid/submarine",
        "hitboxBreachPercentage": 0.75,
        "rideSounds": [],
        "stats": {
          "ACCELERATION": "30-55",
          "JUMP": "45-70",
          "SKILL": "30-55",
          "SPEED": "80-120",
          "STAMINA": "40-85"
        }
      }
    },

    "seats": [
      {
        "offset": { "x": 0.0, "y": 0.0, "z": 0.0 },
        "poseOffsets": [
          {
            "offset": { "x": 0.0, "y": -0.8416021, "z": 0.46247846 },
            "poseTypes": ["STAND"]
          },
          {
            "offset": { "x": 0.0, "y": -0.87180257, "z": 0.4673479 },
            "poseTypes": ["WALK"]
          },
          {
            "offset": { "x": 0.0, "y": -0.8416021, "z": 0.46247846 },
            "poseTypes": ["HOVER"]
          },
          {
            "offset": { "x": 0.0, "y": -0.8416021, "z": 0.46247846 },
            "poseTypes": ["FLY"]
          },
          {
            "offset": { "x": 0.0, "y": -0.84641707, "z": 0.3389806 },
            "poseTypes": ["FLOAT"]
          },
          {
            "offset": { "x": 0.013225113, "y": -0.9231092, "z": 0.3059882 },
            "poseTypes": ["SWIM"]
          },
          {
            "offset": { "x": 0.0, "y": -0.8416021, "z": 0.46247846 },
            "poseTypes": ["GLIDE"]
          }
        ]
      }
    ]
  }
}
