{
  "target": "cobblemon:wailord",

  "riding": {
    "behaviours": {
      "LAND": {
        "key": "cobblemon:land/horse",
        "rideSounds": [],
        "canJump": false,
        "canSprint": false,
        "stats": {
          "ACCELERATION": "10-40",
          "JUMP": "10-40",
          "SKILL": "80-100",
          "SPEED": "10-40",
          "STAMINA": "10-40"
        }
      },

      "LIQUID": {
        "key": "cobblemon:liquid/submarine",
        "hitboxBreachPercentage": 0.85,
        "rideSounds": [],
        "stats": {
          "ACCELERATION": "40-55",
          "JUMP": "40-55",
          "SKILL": "30-55",
          "SPEED": "80-120",
          "STAMINA": "65-100"
        }
      }
    },

    "seats": [
      {
        "offset": { "x": 0.0, "y": 0.0, "z": 0.0 },
        "poseOffsets": [
          { "offset": { "x": -0.006737865, "y": -2.3682885, "z": -1.5703933 }, "poseTypes": ["STAND"] },
          { "offset": { "x": 0.0, "y": -2.3836813, "z": -1.541246 }, "poseTypes": ["WALK"] },
          { "offset": { "x": -0.006737865, "y": -2.3682885, "z": -1.5703933 }, "poseTypes": ["HOVER"] },
          { "offset": { "x": -0.006737865, "y": -2.3682885, "z": -1.5703933 }, "poseTypes": ["FLY"] },
          { "offset": { "x": 0.0, "y": -2.4151742, "z": -1.5625 }, "poseTypes": ["FLOAT"] },
          { "offset": { "x": 0.02084126, "y": -2.4323642, "z": -1.5063598 }, "poseTypes": ["SWIM"] },
          { "offset": { "x": -0.006737865, "y": -2.3682885, "z": -1.5703933 }, "poseTypes": ["GLIDE"] }
        ]
      },

      {
        "offset": { "x": 0.0, "y": 0.0, "z": 0.0 },
        "poseOffsets": [
          { "offset": { "x": -1.0, "y": -2.375, "z": 0.6875 }, "poseTypes": ["STAND"] },
          { "offset": { "x": -1.0, "y": -2.375, "z": 0.713978 }, "poseTypes": ["WALK"] },
          { "offset": { "x": -1.0, "y": -2.375, "z": 0.6875 }, "poseTypes": ["HOVER"] },
          { "offset": { "x": -1.0, "y": -2.375, "z": 0.6875 }, "poseTypes": ["FLY"] },
          { "offset": { "x": -1.0, "y": -2.4151742, "z": 0.6875 }, "poseTypes": ["FLOAT"] },
          { "offset": { "x": -0.9792364, "y": -2.4278278, "z": 0.7276742 }, "poseTypes": ["SWIM"] },
          { "offset": { "x": -1.0, "y": -2.375, "z": 0.6875 }, "poseTypes": ["GLIDE"] }
        ]
      },

      {
        "offset": { "x": 0.0, "y": 0.0, "z": 0.0 },
        "poseOffsets": [
          { "offset": { "x": 1.0, "y": -2.375, "z": 0.6875 }, "poseTypes": ["STAND"] },
          { "offset": { "x": 1.0, "y": -2.375, "z": 0.713978 }, "poseTypes": ["WALK"] },
          { "offset": { "x": 1.0, "y": -2.375, "z": 0.6875 }, "poseTypes": ["HOVER"] },
          { "offset": { "x": 1.0, "y": -2.375, "z": 0.6875 }, "poseTypes": ["FLY"] },
          { "offset": { "x": 1.0, "y": -2.4151742, "z": 0.6875 }, "poseTypes": ["FLOAT"] },
          { "offset": { "x": 1.0206875, "y": -2.4103746, "z": 0.7276742 }, "poseTypes": ["SWIM"] },
          { "offset": { "x": 1.0, "y": -2.375, "z": 0.6875 }, "poseTypes": ["GLIDE"] }
        ]
      },

      {
        "offset": { "x": 0.0, "y": 0.0, "z": 0.0 },
        "poseOffsets": [
          { "offset": { "x": -0.375, "y": -2.375, "z": 1.3125 }, "poseTypes": ["STAND"] },
          { "offset": { "x": -0.375, "y": -2.375, "z": 1.338978 }, "poseTypes": ["WALK"] },
          { "offset": { "x": -0.375, "y": -2.375, "z": 1.3125 }, "poseTypes": ["HOVER"] },
          { "offset": { "x": -0.375, "y": -2.375, "z": 1.3125 }, "poseTypes": ["FLY"] },
          { "offset": { "x": -0.375, "y": -2.4151742, "z": 1.3125 }, "poseTypes": ["FLOAT"] },
          { "offset": { "x": -0.3542602, "y": -2.4223738, "z": 1.3526741 }, "poseTypes": ["SWIM"] },
          { "offset": { "x": -0.375, "y": -2.375, "z": 1.3125 }, "poseTypes": ["GLIDE"] }
        ]
      },

      {
        "offset": { "x": 0.0, "y": 0.0, "z": 0.0 },
        "poseOffsets": [
          { "offset": { "x": 0.375, "y": -2.375, "z": 1.3125 }, "poseTypes": ["STAND"] },
          { "offset": { "x": 0.375, "y": -2.375, "z": 1.338978 }, "poseTypes": ["WALK"] },
          { "offset": { "x": 0.375, "y": -2.375, "z": 1.3125 }, "poseTypes": ["HOVER"] },
          { "offset": { "x": 0.375, "y": -2.375, "z": 1.3125 }, "poseTypes": ["FLY"] },
          { "offset": { "x": 0.375, "y": -2.4151742, "z": 1.3125 }, "poseTypes": ["FLOAT"] },
          { "offset": { "x": 0.39571124, "y": -2.4158287, "z": 1.3526741 }, "poseTypes": ["SWIM"] },
          { "offset": { "x": 0.375, "y": -2.375, "z": 1.3125 }, "poseTypes": ["GLIDE"] }
        ]
      }
    ]
  }
}
